label,x,y
Tee,4.789040622418042e-10,-3.328903458127574e-10
Pin,5.0,334.0
